time,pH,V
2023-05-22 11:34:00.067974,1.3740000000000023,3.38
2023-05-22 11:34:00.170005,1.431000000000001,3.37
2023-05-22 11:34:00.268027,1.431000000000001,3.37
2023-05-22 11:34:00.371051,1.3740000000000023,3.38
2023-05-22 11:34:00.469074,1.3740000000000023,3.38
2023-05-22 11:34:00.572083,1.431000000000001,3.37
2023-05-22 11:34:00.670106,1.3740000000000023,3.38
2023-05-22 11:34:00.772128,1.3740000000000023,3.38
2023-05-22 11:34:00.875151,1.3740000000000023,3.38
2023-05-22 11:34:00.973172,0.5190000000000019,3.53
2023-05-22 11:34:01.075195,1.2600000000000016,3.4
2023-05-22 11:34:01.173218,1.2600000000000016,3.4
2023-05-22 11:34:01.276241,1.2600000000000016,3.4
2023-05-22 11:34:01.374264,1.3170000000000002,3.39
2023-05-22 11:34:01.477306,1.3170000000000002,3.39
2023-05-22 11:34:01.575341,1.2600000000000016,3.4
2023-05-22 11:34:01.677364,1.2029999999999994,3.41
2023-05-22 11:34:01.779375,1.2029999999999994,3.41
2023-05-22 11:34:01.878396,1.2600000000000016,3.4
2023-05-22 11:34:01.980226,1.2029999999999994,3.41
2023-05-22 11:34:02.079244,1.2029999999999994,3.41
2023-05-22 11:34:02.181287,1.2029999999999994,3.41
2023-05-22 11:34:02.279827,1.2029999999999994,3.41
2023-05-22 11:34:02.381848,1.2029999999999994,3.41
2023-05-22 11:34:02.480589,1.1460000000000008,3.42
2023-05-22 11:34:02.582613,1.2029999999999994,3.41
2023-05-22 11:34:02.680635,1.2029999999999994,3.41
2023-05-22 11:34:02.783678,1.2029999999999994,3.41
2023-05-22 11:34:02.885695,1.2029999999999994,3.41
2023-05-22 11:34:02.984724,1.2029999999999994,3.41
2023-05-22 11:34:03.086726,1.2029999999999994,3.41
2023-05-22 11:34:03.184749,1.2029999999999994,3.41
2023-05-22 11:34:03.286772,1.2029999999999994,3.41
2023-05-22 11:34:03.385795,1.2029999999999994,3.41
2023-05-22 11:34:03.487817,1.2029999999999994,3.41
2023-05-22 11:34:03.585840,1.2029999999999994,3.41
2023-05-22 11:34:03.688862,1.1460000000000008,3.42
2023-05-22 11:34:03.790886,1.2029999999999994,3.41
2023-05-22 11:34:03.888908,1.2029999999999994,3.41
2023-05-22 11:34:03.991932,1.1460000000000008,3.42
2023-05-22 11:34:04.089967,1.1460000000000008,3.42
2023-05-22 11:34:04.191978,1.1460000000000008,3.42
2023-05-22 11:34:04.291000,1.1460000000000008,3.42
2023-05-22 11:34:04.393036,1.2029999999999994,3.41
2023-05-22 11:34:04.491049,1.2029999999999994,3.41
2023-05-22 11:34:04.594067,1.2029999999999994,3.41
2023-05-22 11:34:04.696104,1.1460000000000008,3.42
2023-05-22 11:34:04.794113,1.2029999999999994,3.41
2023-05-22 11:34:04.897139,1.2029999999999994,3.41
2023-05-22 11:34:04.995157,1.2029999999999994,3.41
2023-05-22 11:34:05.097127,1.1460000000000008,3.42
2023-05-22 11:34:05.195148,1.1460000000000008,3.42
2023-05-22 11:34:05.298172,1.1460000000000008,3.42
2023-05-22 11:34:05.396195,1.1460000000000008,3.42
2023-05-22 11:34:05.498489,1.2029999999999994,3.41
2023-05-22 11:34:05.597613,1.2029999999999994,3.41
2023-05-22 11:34:05.699636,1.2029999999999994,3.41
2023-05-22 11:34:05.801647,1.2029999999999994,3.41
2023-05-22 11:34:05.900668,1.2600000000000016,3.4
2023-05-22 11:34:06.002690,1.3170000000000002,3.39
2023-05-22 11:34:06.100712,1.3170000000000002,3.39
2023-05-22 11:34:06.203737,1.3740000000000023,3.38
2023-05-22 11:34:06.301772,1.431000000000001,3.37
2023-05-22 11:34:06.403784,1.4879999999999995,3.36
2023-05-22 11:34:06.502803,1.5449999999999982,3.35
2023-05-22 11:34:06.604826,1.6020000000000003,3.34
2023-05-22 11:34:06.706850,1.6020000000000003,3.34
2023-05-22 11:34:06.805886,1.658999999999999,3.33
2023-05-22 11:34:06.907909,1.716000000000001,3.32
2023-05-22 11:34:07.005931,1.7729999999999997,3.31
2023-05-22 11:34:07.108941,1.8300000000000018,3.3
2023-05-22 11:34:07.206963,1.8300000000000018,3.3
2023-05-22 11:34:07.309001,1.8870000000000005,3.29
2023-05-22 11:34:07.407022,1.8300000000000018,3.3
2023-05-22 11:34:07.510031,1.7729999999999997,3.31
2023-05-22 11:34:07.608100,1.8300000000000018,3.3
2023-05-22 11:34:07.711085,1.8300000000000018,3.3
2023-05-22 11:34:07.813101,1.8300000000000018,3.3
2023-05-22 11:34:07.911122,1.8300000000000018,3.3
2023-05-22 11:34:08.013146,1.8300000000000018,3.3
2023-05-22 11:34:08.112168,1.8870000000000005,3.29
2023-05-22 11:34:08.214191,1.8870000000000005,3.29
2023-05-22 11:34:08.312227,2.0010000000000012,3.27
2023-05-22 11:34:08.415237,2.0010000000000012,3.27
2023-05-22 11:34:08.514259,2.058,3.26
2023-05-22 11:34:08.616204,2.1149999999999984,3.25
2023-05-22 11:34:08.718228,2.171999999999997,3.24
2023-05-22 11:34:08.816376,2.171999999999997,3.24
2023-05-22 11:34:08.918399,2.285999999999998,3.22
2023-05-22 11:34:09.016422,2.343,3.21
2023-05-22 11:34:09.119459,2.343,3.21
2023-05-22 11:34:09.217475,2.4570000000000007,3.19
2023-05-22 11:34:09.320492,2.5139999999999993,3.18
2023-05-22 11:34:09.418514,2.5139999999999993,3.18
2023-05-22 11:34:09.520535,2.5139999999999993,3.18
2023-05-22 11:34:09.623559,2.5139999999999993,3.18
2023-05-22 11:34:09.721596,2.5710000000000015,3.17
2023-05-22 11:34:09.823604,2.5710000000000015,3.17
2023-05-22 11:34:09.922641,2.628,3.16
2023-05-22 11:34:10.024651,2.628,3.16
2023-05-22 11:34:10.123672,2.5710000000000015,3.17
2023-05-22 11:34:10.225694,2.5710000000000015,3.17
2023-05-22 11:34:10.323717,2.628,3.16
2023-05-22 11:34:10.425740,2.628,3.16
2023-05-22 11:34:10.524765,2.5710000000000015,3.17
2023-05-22 11:34:10.626800,2.628,3.16
2023-05-22 11:34:10.728809,2.5139999999999993,3.18
2023-05-22 11:34:10.827846,2.628,3.16
2023-05-22 11:34:10.929868,2.6850000000000023,3.15
2023-05-22 11:34:11.027877,2.628,3.16
2023-05-22 11:34:11.130901,2.6850000000000023,3.15
2023-05-22 11:34:11.228501,2.6850000000000023,3.15
2023-05-22 11:34:11.331431,2.6850000000000023,3.15
2023-05-22 11:34:11.429451,2.742000000000001,3.14
2023-05-22 11:34:11.532300,2.742000000000001,3.14
2023-05-22 11:34:11.634323,2.742000000000001,3.14
2023-05-22 11:34:11.732927,2.7989999999999995,3.13
2023-05-22 11:34:11.834675,2.742000000000001,3.14
2023-05-22 11:34:11.933838,2.7989999999999995,3.13
2023-05-22 11:34:12.036615,2.742000000000001,3.14
2023-05-22 11:34:12.133616,2.855999999999998,3.12
2023-05-22 11:34:12.236764,2.5710000000000015,3.17
2023-05-22 11:34:12.335788,2.7989999999999995,3.13
2023-05-22 11:34:12.437285,2.855999999999998,3.12
2023-05-22 11:34:12.536167,2.9130000000000003,3.11
2023-05-22 11:34:12.637588,2.855999999999998,3.12
2023-05-22 11:34:12.740235,2.855999999999998,3.12
2023-05-22 11:34:12.838913,2.855999999999998,3.12
2023-05-22 11:34:12.941526,2.9130000000000003,3.11
2023-05-22 11:34:13.039548,2.742000000000001,3.14
2023-05-22 11:34:13.142575,2.9130000000000003,3.11
2023-05-22 11:34:13.239597,2.9130000000000003,3.11
2023-05-22 11:34:13.341635,2.855999999999998,3.12
2023-05-22 11:34:13.441508,2.9130000000000003,3.11
2023-05-22 11:34:13.544201,2.9130000000000003,3.11
2023-05-22 11:34:13.645294,2.855999999999998,3.12
2023-05-22 11:34:13.743360,2.855999999999998,3.12
2023-05-22 11:34:13.847278,2.7989999999999995,3.13
2023-05-22 11:34:13.943768,2.855999999999998,3.12
2023-05-22 11:34:14.047730,2.9130000000000003,3.11
2023-05-22 11:34:14.146141,2.855999999999998,3.12
2023-05-22 11:34:14.247517,2.7989999999999995,3.13
2023-05-22 11:34:14.346492,2.855999999999998,3.12
2023-05-22 11:34:14.449024,2.7989999999999995,3.13
2023-05-22 11:34:14.547189,2.855999999999998,3.12
2023-05-22 11:34:14.649384,2.855999999999998,3.12
2023-05-22 11:34:14.750938,2.9130000000000003,3.11
2023-05-22 11:34:14.849967,2.855999999999998,3.12
2023-05-22 11:34:14.951815,2.9130000000000003,3.11
2023-05-22 11:34:15.049877,2.9130000000000003,3.11
2023-05-22 11:34:15.153403,2.9130000000000003,3.11
2023-05-22 11:34:15.250617,2.9130000000000003,3.11
2023-05-22 11:34:15.354582,2.855999999999998,3.12
2023-05-22 11:34:15.452664,2.9130000000000003,3.11
2023-05-22 11:34:15.555202,2.969999999999999,3.1
2023-05-22 11:34:15.657746,2.969999999999999,3.1
2023-05-22 11:34:15.754726,2.969999999999999,3.1
2023-05-22 11:34:15.856636,2.9130000000000003,3.11
2023-05-22 11:34:15.955575,2.969999999999999,3.1
2023-05-22 11:34:16.058600,2.969999999999999,3.1
2023-05-22 11:34:16.156621,2.628,3.16
2023-05-22 11:34:16.258592,2.9130000000000003,3.11
2023-05-22 11:34:16.356609,2.9130000000000003,3.11
2023-05-22 11:34:16.460097,2.9130000000000003,3.11
2023-05-22 11:34:16.562330,2.855999999999998,3.12
2023-05-22 11:34:16.659554,2.742000000000001,3.14
2023-05-22 11:34:16.762562,2.6850000000000023,3.15
2023-05-22 11:34:16.860579,2.5139999999999993,3.18
2023-05-22 11:34:16.962609,2.3999999999999986,3.2
2023-05-22 11:34:17.061458,2.3999999999999986,3.2
2023-05-22 11:34:17.163481,2.171999999999997,3.24
2023-05-22 11:34:17.262505,2.058,3.26
2023-05-22 11:34:17.365232,2.058,3.26
2023-05-22 11:34:17.463358,1.9440000000000026,3.28
2023-05-22 11:34:17.565951,1.8870000000000005,3.29
2023-05-22 11:34:17.667288,1.8300000000000018,3.3
2023-05-22 11:34:17.766507,1.8300000000000018,3.3
2023-05-22 11:34:17.867941,1.7729999999999997,3.31
2023-05-22 11:34:17.966815,1.716000000000001,3.32
2023-05-22 11:34:18.069741,1.716000000000001,3.32
2023-05-22 11:34:18.167818,1.658999999999999,3.33
2023-05-22 11:34:18.270398,1.658999999999999,3.33
2023-05-22 11:34:18.368753,1.6020000000000003,3.34
2023-05-22 11:34:18.470739,1.6020000000000003,3.34
2023-05-22 11:34:18.573762,1.5449999999999982,3.35
2023-05-22 11:34:18.671187,1.5449999999999982,3.35
2023-05-22 11:34:18.774033,1.5449999999999982,3.35
2023-05-22 11:34:18.871855,1.4879999999999995,3.36
2023-05-22 11:34:18.974914,1.4879999999999995,3.36
2023-05-22 11:34:19.071999,1.4879999999999995,3.36
2023-05-22 11:34:19.174797,1.431000000000001,3.37
2023-05-22 11:34:19.272711,1.431000000000001,3.37
2023-05-22 11:34:19.376129,1.3170000000000002,3.39
2023-05-22 11:34:19.473840,1.431000000000001,3.37
2023-05-22 11:34:19.576864,1.431000000000001,3.37
2023-05-22 11:34:19.678151,1.431000000000001,3.37
2023-05-22 11:34:19.777709,1.431000000000001,3.37
2023-05-22 11:34:19.880122,1.431000000000001,3.37
2023-05-22 11:34:19.978386,1.3740000000000023,3.38
2023-05-22 11:34:20.080772,1.431000000000001,3.37
2023-05-22 11:34:20.179119,1.3740000000000023,3.38
2023-05-22 11:34:20.281554,1.3740000000000023,3.38
2023-05-22 11:34:20.379121,1.3740000000000023,3.38
2023-05-22 11:34:20.481144,1.3740000000000023,3.38
2023-05-22 11:34:20.584361,1.3740000000000023,3.38
2023-05-22 11:34:20.682869,1.431000000000001,3.37
2023-05-22 11:34:20.784416,1.3740000000000023,3.38
2023-05-22 11:34:20.883417,1.3740000000000023,3.38
2023-05-22 11:34:20.984860,1.431000000000001,3.37
2023-05-22 11:34:21.084286,1.3740000000000023,3.38
2023-05-22 11:34:21.186602,1.431000000000001,3.37
2023-05-22 11:34:21.284108,1.3740000000000023,3.38
2023-05-22 11:34:21.386133,1.3170000000000002,3.39
2023-05-22 11:34:21.484442,1.3170000000000002,3.39
2023-05-22 11:34:21.587467,1.3740000000000023,3.38
2023-05-22 11:34:21.689490,1.3740000000000023,3.38
2023-05-22 11:34:21.787506,1.3740000000000023,3.38
2023-05-22 11:34:21.891109,1.3740000000000023,3.38
2023-05-22 11:34:21.988485,1.3740000000000023,3.38
2023-05-22 11:34:22.091808,1.3740000000000023,3.38
2023-05-22 11:34:22.189573,1.3740000000000023,3.38
2023-05-22 11:34:22.291576,1.3740000000000023,3.38
2023-05-22 11:34:22.391331,1.431000000000001,3.37
2023-05-22 11:34:22.493208,1.431000000000001,3.37
2023-05-22 11:34:22.596357,1.3740000000000023,3.38
2023-05-22 11:34:22.693113,1.431000000000001,3.37
2023-05-22 11:34:22.795908,1.431000000000001,3.37
2023-05-22 11:34:22.894432,1.431000000000001,3.37
2023-05-22 11:34:22.997139,1.4879999999999995,3.36
2023-05-22 11:34:23.095321,1.431000000000001,3.37
2023-05-22 11:34:23.197647,1.4879999999999995,3.36
2023-05-22 11:34:23.295668,1.431000000000001,3.37
2023-05-22 11:34:23.397211,1.4879999999999995,3.36
2023-05-22 11:34:23.496533,1.431000000000001,3.37
2023-05-22 11:34:23.598483,1.431000000000001,3.37
2023-05-22 11:34:23.700500,1.431000000000001,3.37
2023-05-22 11:34:23.800182,1.431000000000001,3.37
2023-05-22 11:34:23.902138,1.431000000000001,3.37
2023-05-22 11:34:23.999275,1.431000000000001,3.37
2023-05-22 11:34:24.102380,1.431000000000001,3.37
2023-05-22 11:34:24.200396,1.3740000000000023,3.38
2023-05-22 11:34:24.303314,1.3740000000000023,3.38
2023-05-22 11:34:24.401872,1.3740000000000023,3.38
2023-05-22 11:34:24.503404,1.431000000000001,3.37
2023-05-22 11:34:24.606525,1.3740000000000023,3.38
2023-05-22 11:34:24.704233,1.3740000000000023,3.38
2023-05-22 11:34:24.807337,1.3740000000000023,3.38
2023-05-22 11:34:24.905806,1.3740000000000023,3.38
2023-05-22 11:34:25.007401,1.3740000000000023,3.38
2023-05-22 11:34:25.105423,1.3740000000000023,3.38
2023-05-22 11:34:25.207519,1.3740000000000023,3.38
2023-05-22 11:34:25.307035,1.3740000000000023,3.38
2023-05-22 11:34:25.409419,1.3740000000000023,3.38
2023-05-22 11:34:25.510850,1.431000000000001,3.37
2023-05-22 11:34:25.610681,1.3740000000000023,3.38
2023-05-22 11:34:25.712314,1.3740000000000023,3.38
2023-05-22 11:34:25.810846,1.3740000000000023,3.38
2023-05-22 11:34:25.912470,1.3740000000000023,3.38
2023-05-22 11:34:26.010506,1.3740000000000023,3.38
2023-05-22 11:34:26.112804,1.431000000000001,3.37
2023-05-22 11:34:26.211177,1.431000000000001,3.37
2023-05-22 11:34:26.314597,1.3740000000000023,3.38
2023-05-22 11:34:26.411802,1.3740000000000023,3.38
2023-05-22 11:34:26.515311,1.431000000000001,3.37
2023-05-22 11:34:26.616424,1.3740000000000023,3.38
2023-05-22 11:34:26.715980,1.3740000000000023,3.38
2023-05-22 11:34:26.818013,1.431000000000001,3.37
2023-05-22 11:34:26.915881,1.3740000000000023,3.38
2023-05-22 11:34:27.018904,1.431000000000001,3.37
2023-05-22 11:34:27.117517,1.3740000000000023,3.38
2023-05-22 11:34:27.218831,1.3740000000000023,3.38
2023-05-22 11:34:27.318097,1.431000000000001,3.37
2023-05-22 11:34:27.420638,1.3170000000000002,3.39
2023-05-22 11:34:27.522847,1.3740000000000023,3.38
2023-05-22 11:34:27.621425,1.3170000000000002,3.39
2023-05-22 11:34:27.722886,1.3170000000000002,3.39
2023-05-22 11:34:27.820929,1.3170000000000002,3.39
2023-05-22 11:34:27.922952,1.3170000000000002,3.39
2023-05-22 11:34:28.021960,1.3170000000000002,3.39
2023-05-22 11:34:28.125112,1.2600000000000016,3.4
2023-05-22 11:34:28.222034,1.2600000000000016,3.4
2023-05-22 11:34:28.325724,1.3170000000000002,3.39
2023-05-22 11:34:28.423714,1.2600000000000016,3.4
2023-05-22 11:34:28.526322,1.2600000000000016,3.4
2023-05-22 11:34:28.628022,1.3170000000000002,3.39
2023-05-22 11:34:28.726380,1.2600000000000016,3.4
2023-05-22 11:34:28.829397,1.1460000000000008,3.42
2023-05-22 11:34:28.928302,1.2600000000000016,3.4
2023-05-22 11:34:29.029786,1.2600000000000016,3.4
2023-05-22 11:34:29.127210,1.2029999999999994,3.41
2023-05-22 11:34:29.229588,1.2029999999999994,3.41
2023-05-22 11:34:29.329106,1.2600000000000016,3.4
2023-05-22 11:34:29.431507,1.2029999999999994,3.41
2023-05-22 11:34:29.532990,1.1460000000000008,3.42
2023-05-22 11:34:29.631513,1.2029999999999994,3.41
2023-05-22 11:34:29.733471,1.2029999999999994,3.41
2023-05-22 11:34:29.832487,1.2029999999999994,3.41
2023-05-22 11:34:29.935322,1.2029999999999994,3.41
2023-05-22 11:34:30.033612,1.1460000000000008,3.42
2023-05-22 11:34:30.135993,1.1460000000000008,3.42
2023-05-22 11:34:30.233934,1.2029999999999994,3.41
2023-05-22 11:34:30.336742,1.1460000000000008,3.42
2023-05-22 11:34:30.434996,1.1460000000000008,3.42
2023-05-22 11:34:30.537565,1.0889999999999986,3.43
2023-05-22 11:34:30.639761,1.1460000000000008,3.42
2023-05-22 11:34:30.737393,1.2029999999999994,3.41
2023-05-22 11:34:30.840006,1.1460000000000008,3.42
2023-05-22 11:34:30.937832,1.0889999999999986,3.43
2023-05-22 11:34:31.040197,1.1460000000000008,3.42
2023-05-22 11:34:31.138600,1.1460000000000008,3.42
2023-05-22 11:34:31.241682,1.0889999999999986,3.43
2023-05-22 11:34:31.339126,1.1460000000000008,3.42
2023-05-22 11:34:31.441541,1.1460000000000008,3.42
2023-05-22 11:34:31.543938,1.0889999999999986,3.43
2023-05-22 11:34:31.642432,1.1460000000000008,3.42
2023-05-22 11:34:31.744439,1.0889999999999986,3.43
2023-05-22 11:34:31.843920,1.1460000000000008,3.42
2023-05-22 11:34:31.945960,1.0889999999999986,3.43
2023-05-22 11:34:32.044720,1.0889999999999986,3.43
2023-05-22 11:34:32.147045,1.0889999999999986,3.43
2023-05-22 11:34:32.245077,1.032,3.44
2023-05-22 11:34:32.347036,1.0889999999999986,3.43
2023-05-22 11:34:32.449609,1.0889999999999986,3.43
2023-05-22 11:34:32.548631,1.0889999999999986,3.43
2023-05-22 11:34:32.650802,1.0889999999999986,3.43
2023-05-22 11:34:32.748953,1.0889999999999986,3.43
2023-05-22 11:34:32.850288,1.0889999999999986,3.43
2023-05-22 11:34:32.949637,1.0889999999999986,3.43
2023-05-22 11:34:33.050994,1.0889999999999986,3.43
2023-05-22 11:34:33.150337,1.0889999999999986,3.43
2023-05-22 11:34:33.251925,1.0889999999999986,3.43
2023-05-22 11:34:33.349961,1.032,3.44
2023-05-22 11:34:33.452965,1.0889999999999986,3.43
2023-05-22 11:34:33.554974,1.0889999999999986,3.43
2023-05-22 11:34:33.652697,1.0889999999999986,3.43
2023-05-22 11:34:33.755735,1.0889999999999986,3.43
2023-05-22 11:34:33.854086,1.032,3.44
2023-05-22 11:34:33.956679,1.0889999999999986,3.43
2023-05-22 11:34:34.055187,1.0889999999999986,3.43
2023-05-22 11:34:34.157896,1.0889999999999986,3.43
2023-05-22 11:34:34.256214,0.8609999999999971,3.47
2023-05-22 11:34:34.358197,1.032,3.44
2023-05-22 11:34:34.461290,1.1460000000000008,3.42
2023-05-22 11:34:34.559489,1.1460000000000008,3.42
2023-05-22 11:34:34.661674,1.1460000000000008,3.42
2023-05-22 11:34:34.759661,1.1460000000000008,3.42
2023-05-22 11:34:34.862060,1.1460000000000008,3.42
2023-05-22 11:34:34.961095,1.0889999999999986,3.43
2023-05-22 11:34:35.062924,1.032,3.44
2023-05-22 11:34:35.161895,1.032,3.44
2023-05-22 11:34:35.263296,0.9749999999999979,3.45
2023-05-22 11:34:35.361296,0.9749999999999979,3.45
2023-05-22 11:34:35.465120,1.032,3.44
2023-05-22 11:34:35.567353,1.032,3.44
2023-05-22 11:34:35.665110,1.032,3.44
2023-05-22 11:34:35.767259,1.0889999999999986,3.43
2023-05-22 11:34:35.866223,1.0889999999999986,3.43
2023-05-22 11:34:35.967650,1.0889999999999986,3.43
2023-05-22 11:34:36.066733,1.0889999999999986,3.43
2023-05-22 11:34:36.169104,1.1460000000000008,3.42
2023-05-22 11:34:36.266899,1.1460000000000008,3.42
2023-05-22 11:34:36.368909,0.5190000000000019,3.53
2023-05-22 11:34:36.472192,0.9179999999999993,3.46
2023-05-22 11:34:36.570396,1.0889999999999986,3.43
2023-05-22 11:34:36.671844,0.9749999999999979,3.45
2023-05-22 11:34:36.771200,1.2029999999999994,3.41
2023-05-22 11:34:36.873256,1.1460000000000008,3.42
2023-05-22 11:34:36.971875,1.1460000000000008,3.42
2023-05-22 11:34:37.074269,1.0889999999999986,3.43
2023-05-22 11:34:37.171916,1.0889999999999986,3.43
2023-05-22 11:34:37.274403,1.0889999999999986,3.43
2023-05-22 11:34:37.372205,1.0889999999999986,3.43
2023-05-22 11:34:37.476013,0.9749999999999979,3.45
2023-05-22 11:34:37.578072,1.2600000000000016,3.4
2023-05-22 11:34:37.675466,1.1460000000000008,3.42
2023-05-22 11:34:37.778661,1.1460000000000008,3.42
2023-05-22 11:34:37.877079,1.1460000000000008,3.42
2023-05-22 11:34:37.979637,1.1460000000000008,3.42
2023-05-22 11:34:38.077552,1.1460000000000008,3.42
2023-05-22 11:34:38.179573,1.2029999999999994,3.41
2023-05-22 11:34:38.277824,1.032,3.44
2023-05-22 11:34:38.379619,1.2029999999999994,3.41
2023-05-22 11:34:38.482027,1.2029999999999994,3.41
2023-05-22 11:34:38.580570,1.1460000000000008,3.42
2023-05-22 11:34:38.683577,1.1460000000000008,3.42
2023-05-22 11:34:38.782048,1.1460000000000008,3.42
2023-05-22 11:34:38.884436,1.2029999999999994,3.41
2023-05-22 11:34:38.981997,1.2029999999999994,3.41
2023-05-22 11:34:39.084214,1.0889999999999986,3.43
2023-05-22 11:34:39.182503,1.2600000000000016,3.4
2023-05-22 11:34:39.284799,1.1460000000000008,3.42
2023-05-22 11:34:39.387992,1.2029999999999994,3.41
2023-05-22 11:34:39.486378,1.2029999999999994,3.41
2023-05-22 11:34:39.587648,1.2029999999999994,3.41
2023-05-22 11:34:39.687635,1.2029999999999994,3.41
2023-05-22 11:34:39.788864,1.2029999999999994,3.41
2023-05-22 11:34:39.886819,1.032,3.44
2023-05-22 11:34:39.989658,1.3170000000000002,3.39
2023-05-22 11:34:40.087680,1.2600000000000016,3.4
2023-05-22 11:34:40.191395,1.2029999999999994,3.41
2023-05-22 11:34:40.288496,1.2029999999999994,3.41
2023-05-22 11:34:40.391498,1.2029999999999994,3.41
2023-05-22 11:34:40.493380,1.2029999999999994,3.41
2023-05-22 11:34:40.592297,1.2029999999999994,3.41
2023-05-22 11:34:40.693765,1.032,3.44
2023-05-22 11:34:40.793034,1.2600000000000016,3.4
2023-05-22 11:34:40.895208,1.2600000000000016,3.4
2023-05-22 11:34:40.993257,1.2029999999999994,3.41
2023-05-22 11:34:41.095274,1.2029999999999994,3.41
2023-05-22 11:34:41.194541,1.2029999999999994,3.41
2023-05-22 11:34:41.297340,1.1460000000000008,3.42
2023-05-22 11:34:41.399501,1.2029999999999994,3.41
2023-05-22 11:34:41.496786,1.032,3.44
2023-05-22 11:34:41.598925,1.2600000000000016,3.4
2023-05-22 11:34:41.698507,1.2029999999999994,3.41
2023-05-22 11:34:41.800495,1.2029999999999994,3.41
2023-05-22 11:34:41.898276,1.2029999999999994,3.41
2023-05-22 11:34:42.000956,1.2029999999999994,3.41
2023-05-22 11:34:42.098793,1.2029999999999994,3.41
2023-05-22 11:34:42.201447,1.2029999999999994,3.41
2023-05-22 11:34:42.300537,1.0889999999999986,3.43
2023-05-22 11:34:42.402757,1.3170000000000002,3.39
2023-05-22 11:34:42.504099,1.2600000000000016,3.4
2023-05-22 11:34:42.602820,1.2600000000000016,3.4
2023-05-22 11:34:42.705159,1.2600000000000016,3.4
2023-05-22 11:34:42.803182,1.2600000000000016,3.4
2023-05-22 11:34:42.907062,1.2600000000000016,3.4
2023-05-22 11:34:43.005070,1.2029999999999994,3.41
2023-05-22 11:34:43.107356,1.0889999999999986,3.43
2023-05-22 11:34:43.204968,1.3170000000000002,3.39
2023-05-22 11:34:43.306933,1.2600000000000016,3.4
2023-05-22 11:34:43.410486,1.2029999999999994,3.41
2023-05-22 11:34:43.507654,1.2600000000000016,3.4
2023-05-22 11:34:43.609610,1.2600000000000016,3.4
2023-05-22 11:34:43.709130,1.2600000000000016,3.4
2023-05-22 11:34:43.812168,1.2600000000000016,3.4
2023-05-22 11:34:43.910023,1.2600000000000016,3.4
2023-05-22 11:34:44.012398,1.2600000000000016,3.4
2023-05-22 11:34:44.110884,1.2029999999999994,3.41
2023-05-22 11:34:44.212364,1.2600000000000016,3.4
2023-05-22 11:34:44.311564,1.2600000000000016,3.4
2023-05-22 11:34:44.413596,1.2600000000000016,3.4
2023-05-22 11:34:44.515793,1.2600000000000016,3.4
2023-05-22 11:34:44.614335,1.2600000000000016,3.4
2023-05-22 11:34:44.716299,1.2600000000000016,3.4
2023-05-22 11:34:44.815421,1.2029999999999994,3.41
2023-05-22 11:34:44.917774,1.2029999999999994,3.41
2023-05-22 11:34:45.016709,1.2600000000000016,3.4
2023-05-22 11:34:45.118170,1.2029999999999994,3.41
2023-05-22 11:34:45.215826,1.2600000000000016,3.4
2023-05-22 11:34:45.319470,1.2600000000000016,3.4
2023-05-22 11:34:45.421499,1.2600000000000016,3.4
2023-05-22 11:34:45.519223,1.3740000000000023,3.38
2023-05-22 11:34:45.621246,1.3170000000000002,3.39
2023-05-22 11:34:45.720261,1.2029999999999994,3.41
2023-05-22 11:34:45.822095,1.2029999999999994,3.41
2023-05-22 11:34:45.921445,1.2029999999999994,3.41
2023-05-22 11:34:46.022770,1.3170000000000002,3.39
2023-05-22 11:34:46.121511,1.2600000000000016,3.4
2023-05-22 11:34:46.223680,1.2600000000000016,3.4
2023-05-22 11:34:46.322820,1.2600000000000016,3.4
2023-05-22 11:34:46.424248,1.2600000000000016,3.4
2023-05-22 11:34:46.526460,1.3170000000000002,3.39
2023-05-22 11:34:46.624481,1.2600000000000016,3.4
2023-05-22 11:34:46.727304,1.3170000000000002,3.39
2023-05-22 11:34:46.825851,1.3170000000000002,3.39
2023-05-22 11:34:46.928439,1.3170000000000002,3.39
2023-05-22 11:34:47.026460,1.2600000000000016,3.4
2023-05-22 11:34:47.128713,1.3170000000000002,3.39
2023-05-22 11:34:47.227235,1.3170000000000002,3.39
2023-05-22 11:34:47.329303,1.3170000000000002,3.39
2023-05-22 11:34:47.432286,1.2600000000000016,3.4
2023-05-22 11:34:47.530839,1.2600000000000016,3.4
2023-05-22 11:34:47.632640,1.2600000000000016,3.4
2023-05-22 11:34:47.731188,1.2600000000000016,3.4
2023-05-22 11:34:47.834322,1.2029999999999994,3.41
2023-05-22 11:34:47.930966,1.2600000000000016,3.4
2023-05-22 11:34:48.034749,1.2600000000000016,3.4
2023-05-22 11:34:48.132982,1.2600000000000016,3.4
2023-05-22 11:34:48.234780,1.2600000000000016,3.4
2023-05-22 11:34:48.336790,1.2029999999999994,3.41
2023-05-22 11:34:48.435806,1.2600000000000016,3.4
2023-05-22 11:34:48.537848,1.2600000000000016,3.4
2023-05-22 11:34:48.635851,1.2600000000000016,3.4
2023-05-22 11:34:48.737874,1.2600000000000016,3.4
2023-05-22 11:34:48.836897,1.2029999999999994,3.41
2023-05-22 11:34:48.939040,1.2600000000000016,3.4
2023-05-22 11:34:49.037981,1.2600000000000016,3.4
2023-05-22 11:34:49.140712,1.2600000000000016,3.4
2023-05-22 11:34:49.237620,1.2600000000000016,3.4
2023-05-22 11:34:49.340644,1.2029999999999994,3.41
2023-05-22 11:34:49.442768,1.2029999999999994,3.41
2023-05-22 11:34:49.541628,1.2600000000000016,3.4
2023-05-22 11:34:49.643621,1.2600000000000016,3.4
2023-05-22 11:34:49.741416,1.2600000000000016,3.4
2023-05-22 11:34:49.844020,1.2600000000000016,3.4
2023-05-22 11:34:49.942912,1.2600000000000016,3.4
2023-05-22 11:34:50.045681,1.2600000000000016,3.4
2023-05-22 11:34:50.142756,1.2600000000000016,3.4
2023-05-22 11:34:50.246224,1.2600000000000016,3.4
2023-05-22 11:34:50.348787,1.2600000000000016,3.4
2023-05-22 11:34:50.446999,1.2600000000000016,3.4
2023-05-22 11:34:50.549291,1.2600000000000016,3.4
2023-05-22 11:34:50.647557,1.2600000000000016,3.4
2023-05-22 11:34:50.749174,1.2600000000000016,3.4
2023-05-22 11:34:50.848896,1.2600000000000016,3.4
2023-05-22 11:34:50.950864,1.2600000000000016,3.4
2023-05-22 11:34:51.048228,1.2600000000000016,3.4
2023-05-22 11:34:51.152068,1.2600000000000016,3.4
2023-05-22 11:34:51.249702,1.2600000000000016,3.4
2023-05-22 11:34:51.353320,1.2600000000000016,3.4
2023-05-22 11:34:51.453317,1.2600000000000016,3.4
2023-05-22 11:34:51.552807,1.2600000000000016,3.4
2023-05-22 11:34:51.654356,1.2600000000000016,3.4
2023-05-22 11:34:51.753548,1.2600000000000016,3.4
2023-05-22 11:34:51.855015,1.2600000000000016,3.4
2023-05-22 11:34:51.954386,1.2600000000000016,3.4
2023-05-22 11:34:52.056736,1.2600000000000016,3.4
2023-05-22 11:34:52.153772,1.2600000000000016,3.4
2023-05-22 11:34:52.257251,1.2600000000000016,3.4
2023-05-22 11:34:52.359065,1.3170000000000002,3.39
2023-05-22 11:34:52.458151,1.2600000000000016,3.4
2023-05-22 11:34:52.560665,1.2600000000000016,3.4
2023-05-22 11:34:52.658190,1.2600000000000016,3.4
2023-05-22 11:34:52.761040,1.2600000000000016,3.4
2023-05-22 11:34:52.859090,1.2600000000000016,3.4
2023-05-22 11:34:52.960751,1.3170000000000002,3.39
2023-05-22 11:34:53.059415,1.2600000000000016,3.4
2023-05-22 11:34:53.162713,1.3170000000000002,3.39
2023-05-22 11:34:53.261555,1.2600000000000016,3.4
2023-05-22 11:34:53.362577,1.2600000000000016,3.4
2023-05-22 11:34:53.465480,1.2600000000000016,3.4
2023-05-22 11:34:53.563239,1.2029999999999994,3.41
2023-05-22 11:34:53.665452,1.2600000000000016,3.4
2023-05-22 11:34:53.764552,1.2600000000000016,3.4
2023-05-22 11:34:53.865966,1.2600000000000016,3.4
2023-05-22 11:34:53.965710,1.2600000000000016,3.4
2023-05-22 11:34:54.067732,1.3170000000000002,3.39
2023-05-22 11:34:54.165748,1.2600000000000016,3.4
2023-05-22 11:34:54.267771,1.2600000000000016,3.4
2023-05-22 11:34:54.370874,1.2600000000000016,3.4
2023-05-22 11:34:54.469180,1.2600000000000016,3.4
2023-05-22 11:34:54.570482,1.3170000000000002,3.39
2023-05-22 11:34:54.668967,1.2600000000000016,3.4
2023-05-22 11:34:54.772683,1.2600000000000016,3.4
2023-05-22 11:34:54.869824,1.2600000000000016,3.4
2023-05-22 11:34:54.972944,1.2600000000000016,3.4
2023-05-22 11:34:55.070922,1.2600000000000016,3.4
2023-05-22 11:34:55.173036,1.3170000000000002,3.39
2023-05-22 11:34:55.275641,1.2600000000000016,3.4
2023-05-22 11:34:55.373518,1.2600000000000016,3.4
2023-05-22 11:34:55.476765,1.2600000000000016,3.4
2023-05-22 11:34:55.574935,1.2600000000000016,3.4
2023-05-22 11:34:55.676276,1.2600000000000016,3.4
2023-05-22 11:34:55.775569,1.3170000000000002,3.39
2023-05-22 11:34:55.877163,1.2600000000000016,3.4
2023-05-22 11:34:55.975171,1.3170000000000002,3.39
2023-05-22 11:34:56.078200,1.2600000000000016,3.4
2023-05-22 11:34:56.176378,1.2600000000000016,3.4
2023-05-22 11:34:56.278196,1.2600000000000016,3.4
2023-05-22 11:34:56.382138,1.2600000000000016,3.4
2023-05-22 11:34:56.480283,1.2600000000000016,3.4
2023-05-22 11:34:56.581945,1.2600000000000016,3.4
2023-05-22 11:34:56.679905,1.2600000000000016,3.4
2023-05-22 11:34:56.782719,1.3170000000000002,3.39
2023-05-22 11:34:56.881707,1.3170000000000002,3.39
2023-05-22 11:34:56.983947,1.3170000000000002,3.39
2023-05-22 11:34:57.082080,1.2600000000000016,3.4
2023-05-22 11:34:57.185199,1.3170000000000002,3.39
2023-05-22 11:34:57.286606,1.3170000000000002,3.39
2023-05-22 11:34:57.385384,1.2600000000000016,3.4
2023-05-22 11:34:57.486577,1.2600000000000016,3.4
2023-05-22 11:34:57.586041,1.3170000000000002,3.39
2023-05-22 11:34:57.687246,1.2600000000000016,3.4
2023-05-22 11:34:57.786269,1.3170000000000002,3.39
2023-05-22 11:34:57.888518,1.3170000000000002,3.39
2023-05-22 11:34:57.987529,1.3170000000000002,3.39
2023-05-22 11:34:58.089889,1.2600000000000016,3.4
2023-05-22 11:34:58.187587,1.3170000000000002,3.39
2023-05-22 11:34:58.290904,1.3170000000000002,3.39
2023-05-22 11:34:58.393049,1.2600000000000016,3.4
2023-05-22 11:34:58.491545,1.3170000000000002,3.39
2023-05-22 11:34:58.592463,1.3170000000000002,3.39
2023-05-22 11:34:58.691479,1.3170000000000002,3.39
2023-05-22 11:34:58.794376,1.2600000000000016,3.4
2023-05-22 11:34:58.891651,1.2600000000000016,3.4
2023-05-22 11:34:58.994829,1.2600000000000016,3.4
2023-05-22 11:34:59.092141,1.2600000000000016,3.4
2023-05-22 11:34:59.195075,1.3170000000000002,3.39
2023-05-22 11:34:59.298194,1.2600000000000016,3.4
2023-05-22 11:34:59.395967,1.3170000000000002,3.39
2023-05-22 11:34:59.498084,1.3170000000000002,3.39
2023-05-22 11:34:59.597105,1.2600000000000016,3.4
2023-05-22 11:34:59.698128,1.3170000000000002,3.39
2023-05-22 11:34:59.797633,1.3170000000000002,3.39
2023-05-22 11:34:59.900216,1.3170000000000002,3.39
2023-05-22 11:34:59.998464,1.3170000000000002,3.39
2023-05-22 11:35:00.100734,1.3170000000000002,3.39
2023-05-22 11:35:00.202688,1.2029999999999994,3.41
2023-05-22 11:35:00.301362,1.3170000000000002,3.39
2023-05-22 11:35:00.404022,1.2600000000000016,3.4
2023-05-22 11:35:00.501970,1.2600000000000016,3.4
2023-05-22 11:35:00.603992,1.2600000000000016,3.4
2023-05-22 11:35:00.702816,1.2600000000000016,3.4
2023-05-22 11:35:00.805633,1.3170000000000002,3.39
2023-05-22 11:35:00.903307,1.2600000000000016,3.4
2023-05-22 11:35:01.006046,1.3170000000000002,3.39
2023-05-22 11:35:01.103621,1.3170000000000002,3.39
2023-05-22 11:35:01.206063,1.2600000000000016,3.4
2023-05-22 11:35:01.309142,1.2600000000000016,3.4
2023-05-22 11:35:01.407316,1.2600000000000016,3.4
2023-05-22 11:35:01.509305,1.3170000000000002,3.39
2023-05-22 11:35:01.607535,1.2600000000000016,3.4
2023-05-22 11:35:01.710035,1.2600000000000016,3.4
2023-05-22 11:35:01.808910,1.2600000000000016,3.4
2023-05-22 11:35:01.911237,1.3170000000000002,3.39
2023-05-22 11:35:02.009421,1.3170000000000002,3.39
2023-05-22 11:35:02.111425,1.3170000000000002,3.39
2023-05-22 11:35:02.213123,1.2600000000000016,3.4
2023-05-22 11:35:02.311523,1.3170000000000002,3.39
2023-05-22 11:35:02.415106,1.2600000000000016,3.4
2023-05-22 11:35:02.513135,1.3170000000000002,3.39
2023-05-22 11:35:02.614709,1.3170000000000002,3.39
2023-05-22 11:35:02.712815,1.3170000000000002,3.39
2023-05-22 11:35:02.816453,1.3170000000000002,3.39
2023-05-22 11:35:02.914061,1.2600000000000016,3.4
2023-05-22 11:35:03.017126,1.2600000000000016,3.4
2023-05-22 11:35:03.114080,1.2600000000000016,3.4
2023-05-22 11:35:03.217198,1.3170000000000002,3.39
2023-05-22 11:35:03.319899,1.2600000000000016,3.4
2023-05-22 11:35:03.417913,1.3170000000000002,3.39
2023-05-22 11:35:03.519696,1.3170000000000002,3.39
2023-05-22 11:35:03.619664,1.2600000000000016,3.4
2023-05-22 11:35:03.720319,1.2600000000000016,3.4
2023-05-22 11:35:03.819688,1.3170000000000002,3.39
2023-05-22 11:35:03.922065,1.2600000000000016,3.4
2023-05-22 11:35:04.020605,1.2600000000000016,3.4
2023-05-22 11:35:04.123003,1.3170000000000002,3.39
2023-05-22 11:35:04.225438,1.2600000000000016,3.4
2023-05-22 11:35:04.323738,1.3170000000000002,3.39
2023-05-22 11:35:04.426057,1.3170000000000002,3.39
2023-05-22 11:35:04.524745,1.2600000000000016,3.4
2023-05-22 11:35:04.626855,1.3170000000000002,3.39
2023-05-22 11:35:04.724436,1.3170000000000002,3.39
2023-05-22 11:35:04.827525,1.3170000000000002,3.39
2023-05-22 11:35:04.924991,1.3170000000000002,3.39
2023-05-22 11:35:05.026983,1.2600000000000016,3.4
2023-05-22 11:35:05.125759,1.3170000000000002,3.39
2023-05-22 11:35:05.228856,1.3170000000000002,3.39
2023-05-22 11:35:05.330149,1.2600000000000016,3.4
2023-05-22 11:35:05.429566,1.3170000000000002,3.39
2023-05-22 11:35:05.531716,1.2600000000000016,3.4
2023-05-22 11:35:05.630234,1.3170000000000002,3.39
2023-05-22 11:35:05.731612,1.3170000000000002,3.39
2023-05-22 11:35:05.830976,1.2600000000000016,3.4
2023-05-22 11:35:05.932772,1.2600000000000016,3.4
2023-05-22 11:35:06.030706,1.2600000000000016,3.4
2023-05-22 11:35:06.133729,1.2600000000000016,3.4
2023-05-22 11:35:06.235752,1.3170000000000002,3.39
2023-05-22 11:35:06.334743,1.3170000000000002,3.39
2023-05-22 11:35:06.436577,1.2600000000000016,3.4
2023-05-22 11:35:06.535453,1.2600000000000016,3.4
2023-05-22 11:35:06.637773,1.3170000000000002,3.39
2023-05-22 11:35:06.735310,1.3170000000000002,3.39
2023-05-22 11:35:06.838325,1.2600000000000016,3.4
2023-05-22 11:35:06.936523,1.2600000000000016,3.4
2023-05-22 11:35:07.038143,1.3170000000000002,3.39
2023-05-22 11:35:07.140527,1.3170000000000002,3.39
2023-05-22 11:35:07.239564,1.3170000000000002,3.39
2023-05-22 11:35:07.342090,1.3170000000000002,3.39
2023-05-22 11:35:07.440609,1.3170000000000002,3.39
2023-05-22 11:35:07.542787,1.3170000000000002,3.39
2023-05-22 11:35:07.641310,1.2600000000000016,3.4
2023-05-22 11:35:07.743551,1.3170000000000002,3.39
2023-05-22 11:35:07.842017,1.2600000000000016,3.4
2023-05-22 11:35:07.944184,1.3170000000000002,3.39
2023-05-22 11:35:08.042724,1.3170000000000002,3.39
2023-05-22 11:35:08.145102,1.2600000000000016,3.4
2023-05-22 11:35:08.247291,1.3170000000000002,3.39
2023-05-22 11:35:08.345776,1.3170000000000002,3.39
2023-05-22 11:35:08.447746,1.2600000000000016,3.4
2023-05-22 11:35:08.546619,1.3170000000000002,3.39
2023-05-22 11:35:08.648263,1.2600000000000016,3.4
2023-05-22 11:35:08.745796,1.3170000000000002,3.39
2023-05-22 11:35:08.848608,1.3170000000000002,3.39
2023-05-22 11:35:08.946248,1.3170000000000002,3.39
2023-05-22 11:35:09.050565,1.3170000000000002,3.39
2023-05-22 11:35:09.152690,1.3170000000000002,3.39
2023-05-22 11:35:09.249877,1.3170000000000002,3.39
2023-05-22 11:35:09.352982,1.3170000000000002,3.39
2023-05-22 11:35:09.450420,1.2600000000000016,3.4
2023-05-22 11:35:09.553912,1.3170000000000002,3.39
2023-05-22 11:35:09.652226,1.3170000000000002,3.39
2023-05-22 11:35:09.753891,1.3170000000000002,3.39
2023-05-22 11:35:09.852868,1.2600000000000016,3.4
2023-05-22 11:35:09.954893,1.2600000000000016,3.4
2023-05-22 11:35:10.053796,1.3170000000000002,3.39
2023-05-22 11:35:10.156111,1.3170000000000002,3.39
2023-05-22 11:35:10.258836,1.3170000000000002,3.39
2023-05-22 11:35:10.356936,1.3170000000000002,3.39
2023-05-22 11:35:10.459195,1.3170000000000002,3.39
2023-05-22 11:35:10.557503,1.2600000000000016,3.4
2023-05-22 11:35:10.659912,1.3170000000000002,3.39
2023-05-22 11:35:10.757727,1.2600000000000016,3.4
2023-05-22 11:35:10.859803,1.3170000000000002,3.39
2023-05-22 11:35:10.958818,1.3740000000000023,3.38
2023-05-22 11:35:11.061335,1.3170000000000002,3.39
2023-05-22 11:35:11.163743,1.3170000000000002,3.39
2023-05-22 11:35:11.261191,1.3740000000000023,3.38
2023-05-22 11:35:11.363986,1.2600000000000016,3.4
2023-05-22 11:35:11.461506,1.3170000000000002,3.39
2023-05-22 11:35:11.564895,1.3170000000000002,3.39
2023-05-22 11:35:11.662871,1.2600000000000016,3.4
2023-05-22 11:35:11.765058,1.3170000000000002,3.39
2023-05-22 11:35:11.863900,1.3740000000000023,3.38
2023-05-22 11:35:11.966526,1.3740000000000023,3.38
2023-05-22 11:35:12.068172,1.3170000000000002,3.39
2023-05-22 11:35:12.167504,1.3740000000000023,3.38
2023-05-22 11:35:12.269483,1.3170000000000002,3.39
2023-05-22 11:35:12.367866,1.3170000000000002,3.39
2023-05-22 11:35:12.470157,1.3170000000000002,3.39
2023-05-22 11:35:12.568219,1.3170000000000002,3.39
2023-05-22 11:35:12.670261,1.3170000000000002,3.39
2023-05-22 11:35:12.768197,1.2600000000000016,3.4
2023-05-22 11:35:12.871110,1.3740000000000023,3.38
2023-05-22 11:35:12.968949,1.3170000000000002,3.39
2023-05-22 11:35:13.072341,1.3170000000000002,3.39
2023-05-22 11:35:13.173966,1.2600000000000016,3.4
2023-05-22 11:35:13.272730,1.2600000000000016,3.4
2023-05-22 11:35:13.374768,1.3740000000000023,3.38
2023-05-22 11:35:13.472766,1.3170000000000002,3.39
2023-05-22 11:35:13.575644,1.3740000000000023,3.38
2023-05-22 11:35:13.673662,1.3170000000000002,3.39
2023-05-22 11:35:13.776556,1.3170000000000002,3.39
2023-05-22 11:35:13.874023,1.3170000000000002,3.39
2023-05-22 11:35:13.977544,1.3170000000000002,3.39
2023-05-22 11:35:14.079933,1.3170000000000002,3.39
2023-05-22 11:35:14.177830,1.3170000000000002,3.39
2023-05-22 11:35:14.279474,1.3170000000000002,3.39
2023-05-22 11:35:14.378902,1.3170000000000002,3.39
2023-05-22 11:35:14.480848,1.3170000000000002,3.39
2023-05-22 11:35:14.578525,1.3170000000000002,3.39
2023-05-22 11:35:14.682073,1.3170000000000002,3.39
2023-05-22 11:35:14.780103,1.3170000000000002,3.39
2023-05-22 11:35:14.882755,1.3170000000000002,3.39
2023-05-22 11:35:14.980990,1.3170000000000002,3.39
2023-05-22 11:35:15.083391,1.3170000000000002,3.39
2023-05-22 11:35:15.185032,1.3170000000000002,3.39
2023-05-22 11:35:15.283880,1.3170000000000002,3.39
2023-05-22 11:35:15.385676,1.3170000000000002,3.39
2023-05-22 11:35:15.483589,1.3170000000000002,3.39
2023-05-22 11:35:15.587164,1.2600000000000016,3.4
2023-05-22 11:35:15.685424,1.3170000000000002,3.39
2023-05-22 11:35:15.786765,1.2600000000000016,3.4
2023-05-22 11:35:15.886088,1.3170000000000002,3.39
2023-05-22 11:35:15.988224,1.3170000000000002,3.39
2023-05-22 11:35:16.090901,1.2600000000000016,3.4
2023-05-22 11:35:16.189392,1.3170000000000002,3.39
2023-05-22 11:35:16.291525,1.3170000000000002,3.39
2023-05-22 11:35:16.388999,1.2600000000000016,3.4
2023-05-22 11:35:16.491932,1.3170000000000002,3.39
2023-05-22 11:35:16.591201,1.3170000000000002,3.39
2023-05-22 11:35:16.692848,1.3170000000000002,3.39
2023-05-22 11:35:16.790821,1.3170000000000002,3.39
2023-05-22 11:35:16.893899,1.3170000000000002,3.39
2023-05-22 11:35:16.996132,1.3170000000000002,3.39
2023-05-22 11:35:17.094194,1.3170000000000002,3.39
2023-05-22 11:35:17.196280,1.2600000000000016,3.4
2023-05-22 11:35:17.295723,1.3170000000000002,3.39
2023-05-22 11:35:17.396384,1.3170000000000002,3.39
2023-05-22 11:35:17.495418,1.3170000000000002,3.39
2023-05-22 11:35:17.597440,1.3170000000000002,3.39
2023-05-22 11:35:17.695283,1.3170000000000002,3.39
2023-05-22 11:35:17.799254,1.2600000000000016,3.4
2023-05-22 11:35:17.897313,1.3170000000000002,3.39
2023-05-22 11:35:17.998367,1.3170000000000002,3.39
2023-05-22 11:35:18.101231,1.2600000000000016,3.4
2023-05-22 11:35:18.198951,1.3170000000000002,3.39
2023-05-22 11:35:18.301660,1.3740000000000023,3.38
2023-05-22 11:35:18.399848,1.3170000000000002,3.39
2023-05-22 11:35:18.503560,1.3740000000000023,3.38
2023-05-22 11:35:18.601538,1.3170000000000002,3.39
2023-05-22 11:35:18.702989,1.3170000000000002,3.39
2023-05-22 11:35:18.802702,1.3170000000000002,3.39
2023-05-22 11:35:18.904761,1.3170000000000002,3.39
2023-05-22 11:35:19.007184,1.3170000000000002,3.39
2023-05-22 11:35:19.105638,1.3170000000000002,3.39
2023-05-22 11:35:19.206786,1.3170000000000002,3.39
2023-05-22 11:35:19.305823,1.3170000000000002,3.39
2023-05-22 11:35:19.407833,1.3170000000000002,3.39
2023-05-22 11:35:19.505855,1.3170000000000002,3.39
2023-05-22 11:35:19.608893,1.3170000000000002,3.39
2023-05-22 11:35:19.707165,1.3170000000000002,3.39
2023-05-22 11:35:19.809182,1.3170000000000002,3.39
2023-05-22 11:35:19.908011,1.3740000000000023,3.38
2023-05-22 11:35:20.009377,1.3170000000000002,3.39
2023-05-22 11:35:20.113018,1.3170000000000002,3.39
2023-05-22 11:35:20.210367,1.3170000000000002,3.39
2023-05-22 11:35:20.314013,1.3170000000000002,3.39
2023-05-22 11:35:20.411838,1.2600000000000016,3.4
2023-05-22 11:35:20.513192,1.2600000000000016,3.4
2023-05-22 11:35:20.612724,1.3170000000000002,3.39
2023-05-22 11:35:20.714681,1.3170000000000002,3.39
2023-05-22 11:35:20.813398,1.3170000000000002,3.39
2023-05-22 11:35:20.915860,1.3170000000000002,3.39
2023-05-22 11:35:21.017576,1.3170000000000002,3.39
2023-05-22 11:35:21.116605,1.3170000000000002,3.39
2023-05-22 11:35:21.217659,1.3170000000000002,3.39
2023-05-22 11:35:21.317179,1.3170000000000002,3.39
2023-05-22 11:35:21.419362,1.3170000000000002,3.39
2023-05-22 11:35:21.517343,1.3170000000000002,3.39
2023-05-22 11:35:21.620101,1.2600000000000016,3.4
2023-05-22 11:35:21.718692,1.3170000000000002,3.39
2023-05-22 11:35:21.820076,1.2600000000000016,3.4
2023-05-22 11:35:21.923189,1.2600000000000016,3.4
2023-05-22 11:35:22.020641,1.3170000000000002,3.39
2023-05-22 11:35:22.122671,1.3170000000000002,3.39
2023-05-22 11:35:22.221159,1.3740000000000023,3.38
2023-05-22 11:35:22.325238,1.3170000000000002,3.39
2023-05-22 11:35:22.422899,1.3170000000000002,3.39
2023-05-22 11:35:22.524332,1.3170000000000002,3.39
2023-05-22 11:35:22.623849,1.3170000000000002,3.39
2023-05-22 11:35:22.725160,1.3170000000000002,3.39
2023-05-22 11:35:22.824476,1.3740000000000023,3.38
2023-05-22 11:35:22.926976,1.3170000000000002,3.39
2023-05-22 11:35:23.029037,1.3170000000000002,3.39
2023-05-22 11:35:23.127489,1.3170000000000002,3.39
2023-05-22 11:35:23.228690,1.3740000000000023,3.38
2023-05-22 11:35:23.327907,1.3170000000000002,3.39
2023-05-22 11:35:23.429445,1.3170000000000002,3.39
2023-05-22 11:35:23.527895,1.2600000000000016,3.4
2023-05-22 11:35:23.631308,1.3170000000000002,3.39
2023-05-22 11:35:23.728863,1.3740000000000023,3.38
2023-05-22 11:35:23.831631,1.3170000000000002,3.39
2023-05-22 11:35:23.933668,1.3170000000000002,3.39
2023-05-22 11:35:24.031520,1.3170000000000002,3.39
2023-05-22 11:35:24.135337,1.3170000000000002,3.39
2023-05-22 11:35:24.233202,1.3170000000000002,3.39
2023-05-22 11:35:24.335766,1.3170000000000002,3.39
2023-05-22 11:35:24.433231,1.3170000000000002,3.39
2023-05-22 11:35:24.536575,1.3170000000000002,3.39
2023-05-22 11:35:24.633626,1.3740000000000023,3.38
2023-05-22 11:35:24.736476,1.3170000000000002,3.39
2023-05-22 11:35:24.835124,1.3170000000000002,3.39
2023-05-22 11:35:24.937864,1.3740000000000023,3.38
2023-05-22 11:35:25.040263,1.3740000000000023,3.38
2023-05-22 11:35:25.137746,1.3170000000000002,3.39
2023-05-22 11:35:25.240458,1.3170000000000002,3.39
2023-05-22 11:35:25.338473,1.3170000000000002,3.39
2023-05-22 11:35:25.441912,1.3170000000000002,3.39
2023-05-22 11:35:25.539954,1.3170000000000002,3.39
2023-05-22 11:35:25.642368,1.3170000000000002,3.39
2023-05-22 11:35:25.739795,1.3170000000000002,3.39
2023-05-22 11:35:25.841769,1.3170000000000002,3.39
2023-05-22 11:35:25.945266,1.3170000000000002,3.39
2023-05-22 11:35:26.043471,1.3170000000000002,3.39
2023-05-22 11:35:26.146132,1.3170000000000002,3.39
2023-05-22 11:35:26.244369,1.3740000000000023,3.38
2023-05-22 11:35:26.346673,1.3170000000000002,3.39
2023-05-22 11:35:26.444073,1.3170000000000002,3.39
2023-05-22 11:35:26.546453,1.3740000000000023,3.38
2023-05-22 11:35:26.644819,1.3170000000000002,3.39
2023-05-22 11:35:26.747261,1.3170000000000002,3.39
2023-05-22 11:35:26.845283,1.3170000000000002,3.39
2023-05-22 11:35:26.948929,1.3170000000000002,3.39
2023-05-22 11:35:27.050204,1.3170000000000002,3.39
2023-05-22 11:35:27.149659,1.3740000000000023,3.38
2023-05-22 11:35:27.252023,1.3170000000000002,3.39
2023-05-22 11:35:27.349892,1.3170000000000002,3.39
2023-05-22 11:35:27.452120,1.3170000000000002,3.39
2023-05-22 11:35:27.551042,1.3170000000000002,3.39
2023-05-22 11:35:27.652332,1.3170000000000002,3.39
2023-05-22 11:35:27.751503,1.3170000000000002,3.39
2023-05-22 11:35:27.853343,1.3170000000000002,3.39
2023-05-22 11:35:27.956069,1.3170000000000002,3.39
2023-05-22 11:35:28.053706,1.3170000000000002,3.39
2023-05-22 11:35:28.156932,1.3740000000000023,3.38
2023-05-22 11:35:28.255326,1.3170000000000002,3.39
2023-05-22 11:35:28.357811,1.3170000000000002,3.39
2023-05-22 11:35:28.455150,1.3170000000000002,3.39
2023-05-22 11:35:28.558651,1.3170000000000002,3.39
2023-05-22 11:35:28.656649,1.3170000000000002,3.39
2023-05-22 11:35:28.759512,1.3740000000000023,3.38
2023-05-22 11:35:28.860745,1.3170000000000002,3.39
2023-05-22 11:35:28.960671,1.2600000000000016,3.4
2023-05-22 11:35:29.061305,1.3170000000000002,3.39
2023-05-22 11:35:29.160530,1.3740000000000023,3.38
2023-05-22 11:35:29.262035,1.3740000000000023,3.38
2023-05-22 11:35:29.361844,1.3170000000000002,3.39
2023-05-22 11:35:29.463757,1.3170000000000002,3.39
2023-05-22 11:35:29.561213,1.3170000000000002,3.39
2023-05-22 11:35:29.663251,1.3740000000000023,3.38
2023-05-22 11:35:29.762561,1.3170000000000002,3.39
2023-05-22 11:35:29.865164,1.3170000000000002,3.39
2023-05-22 11:35:29.967577,1.3740000000000023,3.38
2023-05-22 11:35:30.065859,1.3170000000000002,3.39
2023-05-22 11:35:30.168188,1.3740000000000023,3.38
2023-05-22 11:35:30.266356,1.2600000000000016,3.4
2023-05-22 11:35:30.368907,1.3170000000000002,3.39
2023-05-22 11:35:30.466758,1.3170000000000002,3.39
2023-05-22 11:35:30.568411,1.3170000000000002,3.39
2023-05-22 11:35:30.667924,1.3170000000000002,3.39
2023-05-22 11:35:30.770121,1.3170000000000002,3.39
2023-05-22 11:35:30.872671,1.3170000000000002,3.39
2023-05-22 11:35:30.969745,1.3170000000000002,3.39
2023-05-22 11:35:31.072829,1.3740000000000023,3.38
2023-05-22 11:35:31.170256,1.3170000000000002,3.39
2023-05-22 11:35:31.274215,1.3170000000000002,3.39
2023-05-22 11:35:31.371794,1.3170000000000002,3.39
2023-05-22 11:35:31.473806,1.3170000000000002,3.39
2023-05-22 11:35:31.573645,1.3170000000000002,3.39
2023-05-22 11:35:31.674344,1.3170000000000002,3.39
2023-05-22 11:35:31.773855,1.3740000000000023,3.38
2023-05-22 11:35:31.876178,1.2600000000000016,3.4
2023-05-22 11:35:31.978579,1.3170000000000002,3.39
2023-05-22 11:35:32.075793,1.3170000000000002,3.39
2023-05-22 11:35:32.177657,1.3170000000000002,3.39
2023-05-22 11:35:32.276782,1.3170000000000002,3.39
2023-05-22 11:35:32.379230,1.3740000000000023,3.38
2023-05-22 11:35:32.477218,1.3170000000000002,3.39
2023-05-22 11:35:32.580674,1.3170000000000002,3.39
2023-05-22 11:35:32.678199,1.3170000000000002,3.39
2023-05-22 11:35:32.781365,1.3740000000000023,3.38
2023-05-22 11:35:32.882603,1.3170000000000002,3.39
2023-05-22 11:35:32.981878,1.3170000000000002,3.39
2023-05-22 11:35:33.084259,1.3170000000000002,3.39
2023-05-22 11:35:33.182760,1.3740000000000023,3.38
2023-05-22 11:35:33.285134,1.3170000000000002,3.39
2023-05-22 11:35:33.382357,1.3170000000000002,3.39
2023-05-22 11:35:33.485788,1.3170000000000002,3.39
2023-05-22 11:35:33.583307,1.3170000000000002,3.39
2023-05-22 11:35:33.686341,1.3740000000000023,3.38
2023-05-22 11:35:33.788740,1.3170000000000002,3.39
2023-05-22 11:35:33.887214,1.3170000000000002,3.39
2023-05-22 11:35:33.989589,1.3740000000000023,3.38
2023-05-22 11:35:34.086911,1.3170000000000002,3.39
2023-05-22 11:35:34.189563,1.3170000000000002,3.39
2023-05-22 11:35:34.288431,1.3170000000000002,3.39
2023-05-22 11:35:34.391011,1.3740000000000023,3.38
2023-05-22 11:35:34.489328,1.3170000000000002,3.39
2023-05-22 11:35:34.590262,1.3170000000000002,3.39
2023-05-22 11:35:34.689901,1.3740000000000023,3.38
2023-05-22 11:35:34.791858,1.2600000000000016,3.4
2023-05-22 11:35:34.893579,1.3740000000000023,3.38
2023-05-22 11:35:34.992539,1.3170000000000002,3.39
2023-05-22 11:35:35.094424,1.3170000000000002,3.39
2023-05-22 11:35:35.193139,1.3170000000000002,3.39
2023-05-22 11:35:35.295075,1.431000000000001,3.37
2023-05-22 11:35:35.393958,1.3170000000000002,3.39
2023-05-22 11:35:35.496509,1.3170000000000002,3.39
2023-05-22 11:35:35.595204,1.3170000000000002,3.39
2023-05-22 11:35:35.696916,1.3740000000000023,3.38
2023-05-22 11:35:35.800062,1.3170000000000002,3.39
2023-05-22 11:35:35.898047,1.3740000000000023,3.38
2023-05-22 11:35:35.999421,1.3170000000000002,3.39
2023-05-22 11:35:36.098426,1.431000000000001,3.37
2023-05-22 11:35:36.200448,1.3740000000000023,3.38
2023-05-22 11:35:36.299766,1.3170000000000002,3.39
2023-05-22 11:35:36.402015,1.3740000000000023,3.38
2023-05-22 11:35:36.500365,1.3740000000000023,3.38
2023-05-22 11:35:36.602474,1.3170000000000002,3.39
2023-05-22 11:35:36.700510,1.3740000000000023,3.38
2023-05-22 11:35:36.803524,1.3170000000000002,3.39
2023-05-22 11:35:36.905831,1.3170000000000002,3.39
2023-05-22 11:35:37.004172,1.3170000000000002,3.39
2023-05-22 11:35:37.105128,1.3170000000000002,3.39
2023-05-22 11:35:37.204137,1.3170000000000002,3.39
2023-05-22 11:35:37.306031,1.3740000000000023,3.38
2023-05-22 11:35:37.404298,1.3170000000000002,3.39
2023-05-22 11:35:37.507921,1.3740000000000023,3.38
2023-05-22 11:35:37.606576,1.3740000000000023,3.38
2023-05-22 11:35:37.708633,1.3170000000000002,3.39
2023-05-22 11:35:37.811098,1.3740000000000023,3.38
2023-05-22 11:35:37.909173,1.3170000000000002,3.39
2023-05-22 11:35:38.011803,1.3170000000000002,3.39
2023-05-22 11:35:38.110032,1.3170000000000002,3.39
2023-05-22 11:35:38.211300,1.3740000000000023,3.38
2023-05-22 11:35:38.310484,1.3170000000000002,3.39
2023-05-22 11:35:38.412947,1.3170000000000002,3.39
2023-05-22 11:35:38.511463,1.3170000000000002,3.39
2023-05-22 11:35:38.614136,1.3170000000000002,3.39
2023-05-22 11:35:38.716175,1.3740000000000023,3.38
2023-05-22 11:35:38.813566,1.3170000000000002,3.39
2023-05-22 11:35:38.915595,1.3740000000000023,3.38
2023-05-22 11:35:39.015025,1.3170000000000002,3.39
2023-05-22 11:35:39.117586,1.3740000000000023,3.38
2023-05-22 11:35:39.215805,1.3170000000000002,3.39
2023-05-22 11:35:39.318275,1.3740000000000023,3.38
2023-05-22 11:35:39.416401,1.3170000000000002,3.39
2023-05-22 11:35:39.519027,1.3170000000000002,3.39
2023-05-22 11:35:39.616547,1.3740000000000023,3.38
2023-05-22 11:35:39.718780,1.3740000000000023,3.38
2023-05-22 11:35:39.820808,1.3170000000000002,3.39
2023-05-22 11:35:39.919825,1.3740000000000023,3.38
2023-05-22 11:35:40.021752,1.3170000000000002,3.39
2023-05-22 11:35:40.120153,1.3170000000000002,3.39
2023-05-22 11:35:40.223417,1.3170000000000002,3.39
2023-05-22 11:35:40.321767,1.3740000000000023,3.38
2023-05-22 11:35:40.424148,1.3170000000000002,3.39
2023-05-22 11:35:40.522296,1.3740000000000023,3.38
2023-05-22 11:35:40.624827,1.3170000000000002,3.39
2023-05-22 11:35:40.725727,1.3170000000000002,3.39
2023-05-22 11:35:40.825534,1.3170000000000002,3.39
2023-05-22 11:35:40.926757,1.2600000000000016,3.4
2023-05-22 11:35:41.025814,1.3170000000000002,3.39
2023-05-22 11:35:41.127894,1.3170000000000002,3.39
2023-05-22 11:35:41.225723,1.3170000000000002,3.39
2023-05-22 11:35:41.329473,1.3170000000000002,3.39
2023-05-22 11:35:41.427916,1.3740000000000023,3.38
2023-05-22 11:35:41.528798,1.3170000000000002,3.39
2023-05-22 11:35:41.627967,1.3740000000000023,3.38
2023-05-22 11:35:41.729990,1.3740000000000023,3.38
2023-05-22 11:35:41.833253,1.3740000000000023,3.38
2023-05-22 11:35:41.931808,1.3170000000000002,3.39
2023-05-22 11:35:42.033581,1.3740000000000023,3.38
2023-05-22 11:35:42.132085,1.3740000000000023,3.38
2023-05-22 11:35:42.233677,1.3170000000000002,3.39
2023-05-22 11:35:42.332761,1.3740000000000023,3.38
2023-05-22 11:35:42.435292,1.3170000000000002,3.39
2023-05-22 11:35:42.533069,1.3170000000000002,3.39
2023-05-22 11:35:42.635565,1.3740000000000023,3.38
2023-05-22 11:35:42.737248,1.3170000000000002,3.39
2023-05-22 11:35:42.836559,1.3170000000000002,3.39
2023-05-22 11:35:42.938664,1.3740000000000023,3.38
2023-05-22 11:35:43.037265,1.3740000000000023,3.38
2023-05-22 11:35:43.139481,1.3740000000000023,3.38
2023-05-22 11:35:43.236738,1.3170000000000002,3.39
2023-05-22 11:35:43.340067,1.3170000000000002,3.39
2023-05-22 11:35:43.437679,1.3740000000000023,3.38
2023-05-22 11:35:43.540030,1.3740000000000023,3.38
2023-05-22 11:35:43.638785,1.3170000000000002,3.39
2023-05-22 11:35:43.742438,1.3170000000000002,3.39
2023-05-22 11:35:43.844462,1.3170000000000002,3.39
2023-05-22 11:35:43.942370,1.3740000000000023,3.38
2023-05-22 11:35:44.044639,1.3740000000000023,3.38
2023-05-22 11:35:44.143162,1.3170000000000002,3.39
2023-05-22 11:35:44.244302,1.3170000000000002,3.39
2023-05-22 11:35:44.343639,1.3740000000000023,3.38
2023-05-22 11:35:44.445697,1.3740000000000023,3.38
2023-05-22 11:35:44.543713,1.3170000000000002,3.39
2023-05-22 11:35:44.646622,1.3170000000000002,3.39
2023-05-22 11:35:44.748300,1.3740000000000023,3.38
2023-05-22 11:35:44.847528,1.3740000000000023,3.38
2023-05-22 11:35:44.950097,1.3170000000000002,3.39
2023-05-22 11:35:45.048135,1.3740000000000023,3.38
2023-05-22 11:35:45.150739,1.3740000000000023,3.38
2023-05-22 11:35:45.248830,1.3740000000000023,3.38
2023-05-22 11:35:45.350887,1.3740000000000023,3.38
2023-05-22 11:35:45.448909,1.3740000000000023,3.38
2023-05-22 11:35:45.551292,1.3170000000000002,3.39
2023-05-22 11:35:45.654476,1.3170000000000002,3.39
2023-05-22 11:35:45.751583,1.3740000000000023,3.38
2023-05-22 11:35:45.855174,1.3740000000000023,3.38
2023-05-22 11:35:45.952266,1.3170000000000002,3.39
2023-05-22 11:35:46.055677,1.3740000000000023,3.38
2023-05-22 11:35:46.154160,1.3740000000000023,3.38
2023-05-22 11:35:46.255871,1.3170000000000002,3.39
2023-05-22 11:35:46.353987,1.3740000000000023,3.38
2023-05-22 11:35:46.455958,1.3170000000000002,3.39
2023-05-22 11:35:46.554981,1.3740000000000023,3.38
2023-05-22 11:35:46.657004,1.3740000000000023,3.38
2023-05-22 11:35:46.759444,1.3740000000000023,3.38
2023-05-22 11:35:46.858078,1.3170000000000002,3.39
2023-05-22 11:35:46.961490,1.3740000000000023,3.38
2023-05-22 11:35:47.058119,1.3740000000000023,3.38
2023-05-22 11:35:47.160680,1.3170000000000002,3.39
2023-05-22 11:35:47.259843,1.3170000000000002,3.39
2023-05-22 11:35:47.362415,1.3170000000000002,3.39
2023-05-22 11:35:47.460497,1.3740000000000023,3.38
2023-05-22 11:35:47.563208,1.3170000000000002,3.39
2023-05-22 11:35:47.665778,1.3170000000000002,3.39
2023-05-22 11:35:47.763647,1.3740000000000023,3.38
2023-05-22 11:35:47.866230,1.3740000000000023,3.38
2023-05-22 11:35:47.964348,1.3740000000000023,3.38
2023-05-22 11:35:48.065939,1.3740000000000023,3.38
2023-05-22 11:35:48.164804,1.3740000000000023,3.38
2023-05-22 11:35:48.266699,1.3740000000000023,3.38
2023-05-22 11:35:48.366624,1.3740000000000023,3.38
2023-05-22 11:35:48.468538,1.3740000000000023,3.38
2023-05-22 11:35:48.565875,1.3170000000000002,3.39
2023-05-22 11:35:48.668990,1.3740000000000023,3.38
2023-05-22 11:35:48.771267,1.3740000000000023,3.38
2023-05-22 11:35:48.869744,1.3740000000000023,3.38
2023-05-22 11:35:48.970534,1.3740000000000023,3.38
2023-05-22 11:35:49.069521,1.3170000000000002,3.39
2023-05-22 11:35:49.171831,1.3170000000000002,3.39
2023-05-22 11:35:49.270162,1.3740000000000023,3.38
2023-05-22 11:35:49.373185,1.3170000000000002,3.39
2023-05-22 11:35:49.471207,1.3170000000000002,3.39
2023-05-22 11:35:49.574157,1.3740000000000023,3.38
2023-05-22 11:35:49.675594,1.3740000000000023,3.38
2023-05-22 11:35:49.775390,1.3170000000000002,3.39
2023-05-22 11:35:49.876665,1.3170000000000002,3.39
2023-05-22 11:35:49.974921,1.3740000000000023,3.38
2023-05-22 11:35:50.077348,1.3170000000000002,3.39
2023-05-22 11:35:50.175645,1.3740000000000023,3.38
2023-05-22 11:35:50.277984,1.3170000000000002,3.39
2023-05-22 11:35:50.377011,1.3170000000000002,3.39
2023-05-22 11:35:50.479036,1.3740000000000023,3.38
2023-05-22 11:35:50.581176,1.3740000000000023,3.38
2023-05-22 11:35:50.679061,1.3740000000000023,3.38
2023-05-22 11:35:50.782103,1.3170000000000002,3.39
2023-05-22 11:35:50.880107,1.3740000000000023,3.38
2023-05-22 11:35:50.982130,1.3170000000000002,3.39
2023-05-22 11:35:51.080151,1.3740000000000023,3.38
2023-05-22 11:35:51.183176,1.3170000000000002,3.39
2023-05-22 11:35:51.281195,1.3170000000000002,3.39
2023-05-22 11:35:51.383218,1.3740000000000023,3.38
2023-05-22 11:35:51.481241,1.3170000000000002,3.39
2023-05-22 11:35:51.584278,1.3740000000000023,3.38
2023-05-22 11:35:51.686295,1.3740000000000023,3.38
2023-05-22 11:35:51.785318,1.3740000000000023,3.38
2023-05-22 11:35:51.886821,1.3170000000000002,3.39
2023-05-22 11:35:51.985545,1.3740000000000023,3.38
2023-05-22 11:35:52.087568,1.3170000000000002,3.39
2023-05-22 11:35:52.186591,1.3740000000000023,3.38
2023-05-22 11:35:52.288611,1.3740000000000023,3.38
2023-05-22 11:35:52.387634,1.3170000000000002,3.39
2023-05-22 11:35:52.490155,1.3740000000000023,3.38
2023-05-22 11:35:52.592770,1.3740000000000023,3.38
2023-05-22 11:35:52.690440,1.3740000000000023,3.38
2023-05-22 11:35:52.792833,1.3740000000000023,3.38
2023-05-22 11:35:52.890855,1.3170000000000002,3.39
2023-05-22 11:35:52.993273,1.3740000000000023,3.38
2023-05-22 11:35:53.091343,1.3740000000000023,3.38
2023-05-22 11:35:53.194079,1.3170000000000002,3.39
2023-05-22 11:35:53.293197,1.3170000000000002,3.39
2023-05-22 11:35:53.394417,1.3740000000000023,3.38
2023-05-22 11:35:53.493620,1.3740000000000023,3.38
2023-05-22 11:35:53.596266,1.3170000000000002,3.39
2023-05-22 11:35:53.698447,1.3170000000000002,3.39
2023-05-22 11:35:53.795937,1.3170000000000002,3.39
2023-05-22 11:35:53.898422,1.3740000000000023,3.38
2023-05-22 11:35:53.997607,1.3740000000000023,3.38
2023-05-22 11:35:54.099003,1.3740000000000023,3.38
2023-05-22 11:35:54.198155,1.3740000000000023,3.38
2023-05-22 11:35:54.300742,1.3170000000000002,3.39
2023-05-22 11:35:54.399356,1.3740000000000023,3.38
2023-05-22 11:35:54.501425,1.3740000000000023,3.38
2023-05-22 11:35:54.602340,1.3740000000000023,3.38
2023-05-22 11:35:54.701356,1.3740000000000023,3.38
2023-05-22 11:35:54.803922,1.3740000000000023,3.38
2023-05-22 11:35:54.901560,1.3170000000000002,3.39
2023-05-22 11:35:55.005359,1.3740000000000023,3.38
2023-05-22 11:35:55.103562,1.3740000000000023,3.38
2023-05-22 11:35:55.205391,1.3740000000000023,3.38
2023-05-22 11:35:55.304230,1.3170000000000002,3.39
2023-05-22 11:35:55.405386,1.3740000000000023,3.38
2023-05-22 11:35:55.509028,1.3740000000000023,3.38
2023-05-22 11:35:55.607740,1.3740000000000023,3.38
2023-05-22 11:35:55.708810,1.3740000000000023,3.38
2023-05-22 11:35:55.806819,1.3170000000000002,3.39
2023-05-22 11:35:55.909788,1.3740000000000023,3.38
2023-05-22 11:35:56.009024,1.3740000000000023,3.38
2023-05-22 11:35:56.111054,1.3740000000000023,3.38
2023-05-22 11:35:56.208388,1.3740000000000023,3.38
2023-05-22 11:35:56.311289,1.3740000000000023,3.38
2023-05-22 11:35:56.410004,1.3740000000000023,3.38
2023-05-22 11:35:56.511283,1.3740000000000023,3.38
2023-05-22 11:35:56.614822,1.3740000000000023,3.38
2023-05-22 11:35:56.713218,1.3170000000000002,3.39
2023-05-22 11:35:56.815517,1.3170000000000002,3.39
2023-05-22 11:35:56.914034,1.3740000000000023,3.38
2023-05-22 11:35:57.015576,1.3740000000000023,3.38
2023-05-22 11:35:57.114573,1.3740000000000023,3.38
2023-05-22 11:35:57.216086,1.3740000000000023,3.38
2023-05-22 11:35:57.315246,1.3740000000000023,3.38
2023-05-22 11:35:57.416325,1.3740000000000023,3.38
2023-05-22 11:35:57.520178,1.3170000000000002,3.39
2023-05-22 11:35:57.617460,1.3740000000000023,3.38
2023-05-22 11:35:57.720912,1.3740000000000023,3.38
2023-05-22 11:35:57.819193,1.3170000000000002,3.39
2023-05-22 11:35:57.921386,1.3740000000000023,3.38
2023-05-22 11:35:58.018672,1.3740000000000023,3.38
2023-05-22 11:35:58.122044,1.3740000000000023,3.38
2023-05-22 11:35:58.219228,1.3740000000000023,3.38
2023-05-22 11:35:58.322990,1.3170000000000002,3.39
2023-05-22 11:35:58.420369,1.3740000000000023,3.38
2023-05-22 11:35:58.523583,1.3740000000000023,3.38
2023-05-22 11:35:58.625897,1.3170000000000002,3.39
2023-05-22 11:35:58.722905,1.3740000000000023,3.38
2023-05-22 11:35:58.826708,1.3740000000000023,3.38
2023-05-22 11:35:58.924907,1.3740000000000023,3.38
2023-05-22 11:35:59.027581,1.3740000000000023,3.38
2023-05-22 11:35:59.125882,1.3740000000000023,3.38
2023-05-22 11:35:59.227312,1.3740000000000023,3.38
2023-05-22 11:35:59.325701,1.3740000000000023,3.38
2023-05-22 11:35:59.427935,1.3740000000000023,3.38
2023-05-22 11:35:59.529945,1.3740000000000023,3.38
2023-05-22 11:35:59.628881,1.3740000000000023,3.38
2023-05-22 11:35:59.730904,1.3740000000000023,3.38
2023-05-22 11:35:59.829928,1.3170000000000002,3.39
2023-05-22 11:35:59.931949,1.3740000000000023,3.38
2023-05-22 11:36:00.029968,1.3170000000000002,3.39